[
    {
        "icon": "bx bx-error",
        "content": "One app was crashed due to poor maintainance."
    },
    {
        "icon": "bx bx-package",
        "content": "Payment by Prathees has been credited."
    },
    {
        "icon": "bx bx-cart",
        "content": "Dilax add another set of functions to the previous works."
    },
    {
        "icon": "bx bx-error",
        "content": "Pirathees burn the GPU with overload."
    },
    {
        "icon": "bx bx-cart",
        "content": "Dr advised to take some steps for the project."
    }
]