[
    {
        "display_name": "Dashboard",
        "route": "/dashboard",
        "icon": "bx bx-category-alt"
    },
    {
        "display_name": "Configurations",
        "route": "/config",
        "icon": "bx bx-list-check"
    },
    {
        "display_name": "My Apps",
        "route": "/my_apps",
        "icon": "bx bx-clipboard"
    },
    {
        "display_name": "Register App",
        "route": "/create_app",
        "icon": "bx bx-code-curly"
    },
    {
        "display_name": "Deploy App",
        "route": "/deploy_app",
        "icon": "bx bx-sitemap"
    },
    {
        "display_name": "Optimize App",
        "route": "/optimize_app",
        "icon": "bx bx-analyse"
    }
]